createLQA_VNL_GLD_Policy_Add_AllCovers_Accepted_CNL_InceptionDate_RST,73,
createLQA_VNL_GLD_Policy_Add_AllCovers_Accepted_CNL_InceptionDate_RST,74,
createLQA_VNL_GLD_Policy_Add_AllCovers_Accepted_CNL_OtherDate_RST,75,
createLQA_VNL_GLD_Policy_Add_AllCovers_Accepted_CNL_InceptionDate_RST,76,
createLQA_VNL_SVR_Policy_Add_AllCovers_Accepted_CNL_InceptionDate_RST,77,
createLQA_VNL_SVR_Policy_Add_AllCovers_Accepted_CNL_OtherDate_RST,78,
createLQA_VNL_SVR_Policy_Add_AllCovers_Accepted_CardAnnual_CNL_InceptionDate_RST,79,
createLQA_VNL_SVR_Policy_Add_AllCovers_Accepted_CardAnnual_CNL_OtherDate_RST,80,
createLQA_VNL_SVR_Policy_Add_AllCovers_Accepted_CardAnnual_CNL_OtherDate_RST,81,
createLQA_VNL_SVR_Policy_Add_AllCovers_Accepted_CNL_InceptionDate_RST,82,
createLQA_VNL_SVR_Policy_Add_AllCovers_Accepted_CNL_OtherDate_RST,83,
createLQA_VNL_SVR_Policy_Add_AllCovers_Accepted_CardAnnual_CNL_InceptionDate_RST,84,
createLQA_VNL_SVR_Policy_Add_AllCovers_Accepted_CardAnnual_CNL_OtherDate_RST,85,
createLQA_VNL_GLD_Policy_Add_AllCovers_Accepted_CNL_InceptionDate_RST,86,
createLQA_VNL_GLD_Policy_Add_AllCovers_Accepted_CNL_OtherDate_RST,87,
createLQA_VNL_GLD_Policy_Add_AllCovers_Accepted_CardAnnual_CNL_InceptionDate_RST,88,
createLQA_VNL_GLD_Policy_Add_AllCovers_Accepted_CardAnnual_CNL_OtherDate_RST,89,
createLQA_VNL_GLD_Policy_Add_AllCovers_Accepted_CardAnnual_CNL_InceptionDate_RST,90,
createLQA_VNL_GLD_Policy_Add_AllCovers_Accepted_CardAnnual_CNL_InceptionDate_RST,91,
createLQA_RYL_GLD_Policy_Add_AllCovers_Accepted_CNL_InceptionDate_RST,92,
createLQA_RYL_GLD_Policy_Add_AllCovers_Accepted_CNL_OtherDate_RST,93,
createLQA_RYL_GLD_Policy_Add_AllCovers_Accepted_CardAnnual_CNL_InceptionDate_RST,94,
createLQA_RYL_GLD_Policy_Add_AllCovers_Accepted_CardAnnual_CNL_OtherDate_RST,95,
createLQA_S_G_SVR_Policy_Add_AllCovers_Accepted_CNL_InceptionDate_RST,3943,
createLQA_S_G_SVR_Policy_Add_AllCovers_Accepted_CNL_OtherDate_RST,3946,
createLQA_S_G_SVR_Policy_Add_AllCovers_Accepted_CardAnnual_CNL_InceptionDate_RST,3947,
createLQA_S_G_SVR_Policy_Add_AllCovers_Accepted_CardAnnual_CNL_OtherDate_RST,3949,
createLQA_S_G_SVR_Policy_Add_AllCovers_Accepted_AdjustBilling_Change PCD,3951,
createLQA_S_G_SVR_Policy_Add_AllCovers_Accepted_AdjustBilling_ChangePaymentplan_BankToCard,3952,
createLQA_S_G_SVR_Policy_Add_AllCovers_Accepted_CNL_refund_due,3954,
createLQA_RYL_SVR_Policy_Add_AllCovers_Accepted_CNL_InceptionDate_RST,96,
createLQA_RYL_SVR_Policy_Add_AllCovers_Accepted_CNL_OtherDate_RST,97,
createLQA_RYL_SVR_Policy_Add_AllCovers_Accepted_CardAnnual_CNL_InceptionDate_RST,98,
createLQA_RYL_SVR_Policy_Add_AllCovers_Accepted_CardAnnual_CNL_OtherDate_RST,99,
createLQA_VNL_GLD_Policy_Add_AllCovers_Accepted_CNL_InceptionDate_RST,157,
createLQA_VNL_GLD_Policy_Add_AllCovers_Accepted_CNL_OtherDate_RST,158,
createLQA_VNL_GLD_Policy_Add_AllCovers_Accepted_CardAnnual_CNL_InceptionDate_RST,159,
createLQA_VNL_GLD_Policy_Add_AllCovers_Accepted_CardAnnual_CNL_OtherDate_RST,160,
createLQA_VNL_GLD_Policy_Add_AllCovers_Accepted_CNL_InceptionDate_RST,161,
createLQA_VNL_GLD_Policy_Add_AllCovers_Accepted_CNL_InceptionDate_RST,162,
createLQA_VNL_GLD_Policy_Add_AllCovers_Accepted_CNL_OtherDate_RST,163,
createLQA_VNL_GLD_Policy_Add_AllCovers_Accepted_CardAnnual_CNL_InceptionDate_RST,164,
createLQA_VNL_GLD_Policy_Add_AllCovers_Accepted_CardAnnual_CNL_OtherDate_RST,165,
createLQA_VNL_GLD_Policy_Add_AllCovers_Accepted_CNL_InceptionDate_RST,2,
createLQA_VNL_GLD_Policy_Add_AllCovers_Accepted_CNL_OtherDate_RST,3,
createLQA_VNL_GLD_Policy_Add_AllCovers_Accepted_CardAnnual_CNL_InceptionDate_RST,4,
createLQA_VNL_GLD_Policy_Add_AllCovers_Accepted_CardAnnual_CNL_OtherDate_RST,5,
createLQA_VNL_GLD_Policy_Add_AllCovers_Accepted_CardAnnual_CNL_InceptionDate_RST,6,
createLQA_VNL_SVR_Policy_Add_AllCovers_Accepted_CNL_InceptionDate_RST,11,
createLQA_VNL_SVR_Policy_Add_AllCovers_Accepted_CNL_OtherDate_RST,12,
createLQA_VNL_SVR_Policy_Add_AllCovers_Accepted_CardAnnual_CNL_InceptionDate_RST,13,
createLQA_VNL_SVR_Policy_Add_AllCovers_Accepted_CardAnnual_CNL_OtherDate_RST,14,
createLQA_VNL_GLD_Policy_Add_AllCovers_Accepted_CNL_InceptionDate_RST,15,
createLQA_VNL_GLD_Policy_Add_AllCovers_Accepted_CNL_OtherDate_RST,16,
createLQA_VNL_GLD_Policy_Add_AllCovers_Accepted_CardAnnual_CNL_InceptionDate_RST,17,
createLQA_VNL_GLD_Policy_Add_AllCovers_Accepted_CardAnnual_CNL_OtherDate_RST,18,
createLQA_RYL_GLD_RW_Policy_Add_AllCovers_Accepted_CNL_InceptionDate_RST,19,
createLQA_RYL_GLD_RW_Policy_Add_AllCovers_Accepted_CNL_OtherDate_RST,20,
createLQA_RYL_GLD_RW_Policy_Add_AllCovers_Accepted_CardAnnual_CNL_InceptionDate_RST,21,
createLQA_RYL_GLD_RW_Policy_Add_AllCovers_Accepted_CardAnnual_CNL_OtherDate_RST,22,
createLQA_RYL_SVR_Policy_Add_AllCovers_Accepted_CNL_InceptionDate_RST,23,
createLQA_RYL_SVR_Policy_Add_AllCovers_Accepted_CNL_OtherDate_RST,24,
createLQA_RYL_SVR_Policy_Add_AllCovers_Accepted_CardAnnual_CNL_InceptionDate_RST,25,
createLQA_RYL_SVR_Policy_Add_AllCovers_Accepted_CardAnnual_CNL_OtherDate_RST,26,
createLQA_RYL_GLD_Policy_Add_AllCovers_Accepted_CNL_InceptionDate_RST,27,
createLQA_RYL_GLD_Policy_Add_AllCovers_Accepted_CNL_OtherDate_RST,28,
createLQA_RYL_GLD_Policy_Add_AllCovers_Accepted_CardAnnual_CNL_InceptionDate_RST,29,
createLQA_RYL_GLD_Policy_Add_AllCovers_Accepted_CardAnnual_CNL_OtherDate_RST,30,
createLQA_RYL_SVR_Policy_Add_AllCovers_Accepted_CNL_InceptionDate_RST,34,
createLQA_RYL_SVR_Policy_Add_AllCovers_Accepted_CNL_OtherDate_RST,35,
createLQA_RYL_SVR_Policy_Add_AllCovers_Accepted_CardAnnual_CNL_InceptionDate_RST,36,
createLQA_RYL_SVR_Policy_Add_AllCovers_Accepted_CardAnnual_CNL_OtherDate_RST,37,
createLQA_RYL_GLD_RW_Policy_Add_AllCovers_Accepted_CNL_InceptionDate_RST,38,
createLQA_RYL_GLD_RW_Policy_Add_AllCovers_Accepted_CNL_OtherDate_RST,39,
createLQA_RYL_GLD_RW_Policy_Add_AllCovers_Accepted_CardAnnual_CNL_InceptionDate_RST,40,
createLQA_RYL_GLD_RW_Policy_Add_AllCovers_Accepted_CardAnnual_CNL_OtherDate_RST,41,
createLQA_RYL_GLD_Policy_Add_AllCovers_Accepted_CNL_InceptionDate_RST,42,
createLQA_RYL_GLD_Policy_Add_AllCovers_Accepted_CNL_OtherDate_RST,43,
createLQA_RYL_GLD_Policy_Add_AllCovers_Accepted_CardAnnual_CNL_InceptionDate_RST,44,
createLQA_RYL_GLD_Policy_Add_AllCovers_Accepted_CardAnnual_CNL_OtherDate_RST,45,
createLQA_VNL_SVR_Policy_Add_AllCovers_Accepted_CNL_InceptionDate_RST,46,
createLQA_VNL_SVR_Policy_Add_AllCovers_Accepted_CNL_OtherDate_RST,47,
createLQA_VNL_SVR_Policy_Add_AllCovers_Accepted_CardAnnual_CNL_InceptionDate_RST,48,
createLQA_VNL_SVR_Policy_Add_AllCovers_Accepted_CardAnnual_CNL_OtherDate_RST,49,
createLQA_VNL_GLD_Policy_Add_AllCovers_Accepted_CNL_InceptionDate_RST,50,
createLQA_VNL_GLD_Policy_Add_AllCovers_Accepted_CNL_OtherDate_RST,51,
createLQA_VNL_GLD_Policy_Add_AllCovers_Accepted_CardAnnual_CNL_InceptionDate_RST,52,
createLQA_VNL_GLD_Policy_Add_AllCovers_Accepted_CardAnnual_CNL_OtherDate_RST,53,
createLQA_RYL_GLD_RW_Policy_Add_AllCovers_Accepted_CNL_InceptionDate_RST,54,
createLQA_RYL_GLD_RW_Policy_Add_AllCovers_Accepted_CNL_OtherDate_RST,55,
createLQA_RYL_GLD_RW_Policy_Add_AllCovers_Accepted_CardAnnual_CNL_InceptionDate_RST,56,
createLQA_RYL_GLD_RW_Policy_Add_AllCovers_Accepted_CardAnnual_CNL_OtherDate_RST,57,
createLQA_RYL_SVR_Policy_Add_AllCovers_Accepted_CNL_InceptionDate_RST,58,
createLQA_RYL_SVR_Policy_Add_AllCovers_Accepted_CNL_OtherDate_RST,59,
createLQA_RYL_SVR_Policy_Add_AllCovers_Accepted_CardAnnual_CNL_InceptionDate_RST,60,
createLQA_RYL_SVR_Policy_Add_AllCovers_Accepted_CardAnnual_CNL_OtherDate_RST,61,
createLQA_VNL_SVR_Policy_Add_AllCovers_Accepted_CNL_InceptionDate_RST,62,
createLQA_VNL_SVR_Policy_Add_AllCovers_Accepted_CNL_OtherDate_RST,63,
createLQA_VNL_SVR_Policy_Add_AllCovers_Accepted_CardAnnual_CNL_InceptionDate_RST,64,
createLQA_VNL_SVR_Policy_Add_AllCovers_Accepted_CardAnnual_CNL_OtherDate_RST,65,
createLQA_RYL_GLD_Policy_Add_AllCovers_Accepted_CNL_InceptionDate_RST,66,
createLQA_RYL_GLD_Policy_Add_AllCovers_Accepted_CNL_OtherDate_RST,67,
createLQA_RYL_GLD_Policy_Add_AllCovers_Accepted_CardAnnual_CNL_InceptionDate_RST,68,
createLQA_RYL_GLD_Policy_Add_AllCovers_Accepted_CardAnnual_CNL_OtherDate_RST,69,
createLQA_VNL_GLD_Policy_Add_AllCovers_Accepted_CNL_InceptionDate_RST,70,
createLQA_VNL_GLD_Policy_Add_AllCovers_Accepted_CNL_OtherDate_RST,71,
createLQA_VNL_GLD_Policy_Add_AllCovers_Accepted_CardAnnual_CNL_InceptionDate_RST,72,
createLQA_VNL_GLD_Policy_Add_AllCovers_Accepted_CardAnnual_CNL_OtherDate_RST,73,
createLQA_RYL_GLD_RW_Policy_Add_AllCovers_Accepted_CNL_InceptionDate_RST,74,
createLQA_RYL_GLD_RW_Policy_Add_AllCovers_Accepted_CNL_OtherDate_RST,75,
createLQA_RYL_GLD_RW_Policy_Add_AllCovers_Accepted_CardAnnual_CNL_InceptionDate_RST,76,
createLQA_RYL_GLD_RW_Policy_Add_AllCovers_Accepted_CardAnnual_CNL_OtherDate_RST,77,
createLQA_RYL_SVR_Policy_Add_AllCovers_Accepted_CNL_InceptionDate_RST,78,
createLQA_RYL_SVR_Policy_Add_AllCovers_Accepted_CNL_OtherDate_RST,79,
createLQA_RYL_SVR_Policy_Add_AllCovers_Accepted_CardAnnual_CNL_InceptionDate_RST,80,
createLQA_RYL_SVR_Policy_Add_AllCovers_Accepted_CardAnnual_CNL_OtherDate_RST,81,
createLQA_VNL_SVR_Policy_Add_AllCovers_Accepted_CNL_InceptionDate_RST,82,
createLQA_VNL_SVR_Policy_Add_AllCovers_Accepted_CNL_OtherDate_RST,83,
createLQA_VNL_SVR_Policy_Add_AllCovers_Accepted_CardAnnual_CNL_InceptionDate_RST,84,
createLQA_VNL_SVR_Policy_Add_AllCovers_Accepted_CardAnnual_CNL_OtherDate_RST,85,
createLQA_RYL_GLD_Policy_Add_AllCovers_Accepted_CNL_InceptionDate_RST,86,
createLQA_RYL_GLD_Policy_Add_AllCovers_Accepted_CNL_OtherDate_RST,87,
createLQA_RYL_GLD_Policy_Add_AllCovers_Accepted_CardAnnual_CNL_InceptionDate_RST,88,
createLQA_RYL_GLD_Policy_Add_AllCovers_Accepted_CardAnnual_CNL_OtherDate_RST,89,
createLQA_VNL_GLD_Policy_Add_AllCovers_Accepted_CNL_InceptionDate_RST,90,
createLQA_VNL_GLD_Policy_Add_AllCovers_Accepted_CNL_InceptionDate_RST,91,
createLQA_VNL_GLD_Policy_Add_AllCovers_Accepted_CNL_OtherDate_RST,92,
createLQA_VNL_GLD_Policy_Add_AllCovers_Accepted_CardAnnual_CNL_InceptionDate_RST,93,
createLQA_VNL_GLD_Policy_Add_AllCovers_Accepted_CardAnnual_CNL_InceptionDate_RST,94,
createLQA_VNL_GLD_Policy_Add_AllCovers_Accepted_CardAnnual_CNL_OtherDate_RST,95,
createLQA_VNL_GLD_Policy_Add_AllCovers_Accepted_CNL_InceptionDate_RST,96,
createLQA_RYL_GLD_Policy_Add_AllCovers_Accepted_CreateReciept,69,
createLQA_RYL_GLD_Policy_Add_AllCovers_Accepted_CreateReciept,102,
createLQA_RYL_GLD_Policy_Add_AllCovers_Accepted_CreateReciept,103,
createLQA_RYL_GLD_Policy_Add_AllCovers_Accepted_CreateReciept,152,
createLQA_RYL_GLD_Policy_Add_AllCovers_Accepted_CNL_InceptionDate_RST,153,
createLQA_RYL_GLD_Policy_Add_AllCovers_Accepted_CNL_OtherDate_RST,154,
createLQA_RYL_GLD_Policy_Add_AllCovers_Accepted_CardAnnual_CNL_InceptionDate_RST,155,
createLQA_RYL_GLD_Policy_Add_AllCovers_Accepted_CardAnnual_CNL_OtherDate_RST,156,
createLQA_VNL_SVR_Policy_Add_AllCovers_Accepted_CNL_InceptionDate_RST,157,
createLQA_VNL_SVR_Policy_Add_AllCovers_Accepted_CNL_OtherDate_RST,158,
createLQA_VNL_SVR_Policy_Add_AllCovers_Accepted_CardAnnual_CNL_InceptionDate_RST,159,
createLQA_VNL_SVR_Policy_Add_AllCovers_Accepted_CardAnnual_CNL_OtherDate_RST,160,
createLQA_VNL_GLD_Policy_Add_AllCovers_Accepted_CNL_InceptionDate_RST,161,
createLQA_VNL_GLD_Policy_Add_AllCovers_Accepted_CNL_OtherDate_RST,162,
createLQA_VNL_GLD_Policy_Add_AllCovers_Accepted_CardAnnual_CNL_InceptionDate_RST,163,
createLQA_VNL_GLD_Policy_Add_AllCovers_Accepted_CardAnnual_CNL_OtherDate_RST,164,
createLQA_Policy_Add_AllCovers_Accepted_CNL_OtherDate_RST,2,
createLQA_Policy_Add_AllCovers_Accepted_CNL_InceptionDate_RST,3,
createLQA_Policy_Add_AllCovers_Accepted_CardAnnual_CNL_OtherDate_RST,4,
createLQA_Policy_Add_AllCovers_Accepted_CreateReciept,5,
createLQA_Policy_Add_AllCovers_Accepted_CardAnnual_CNL_InceptionDate_RST,6,
createLQA_Policy_Add_AllCovers_Accepted_CreateReciept,252,
createLQA_Policy_Add_AllCovers_Accepted_CNL_InceptionDate_RST,253,
createLQA_Policy_Add_AllCovers_Accepted_CNL_OtherDate_RST,254,
createLQA_Policy_Add_AllCovers_Accepted_CardAnnual_CNL_InceptionDate_RST,255,
createLQA_Policy_Add_AllCovers_Accepted_CardAnnual_CNL_OtherDate_RST,256,
createLQA_Policy_AdjustBilling_ChangePaymentplan_BankToCard_CNL_RST_EndtoEnd,302,
createLQA_Policy_Add_AllCovers_Accepted_AdjustBilling_Change PCD,303,
createLQA_Policy_Add_AllCovers_Accepted_AdjustBilling_ChangePaymentplan_BankToCard,304,
createLQA_Policy_Add_AllCovers_Accepted_CNL_refund_due,305,
createLQA_Policy_Add_AllCovers_Accepted_CNL_refund_due,306,
createLQA_Policy_Add_AllCovers_Accepted_CNL_refund_due,307,
createLQA_Policy_Add_AllCovers_Accepted_CNL_refund_due,308,
createLQA_Policy_Add_AllCovers_Accepted_CreateReciept,11,
createLQA_Policy_Add_AllCovers_Accepted_CNL_InceptionDate_RST,12,
createLQA_Policy_Add_AllCovers_Accepted_CNL_OtherDate_RST,13,
createLQA_Policy_Add_AllCovers_Accepted_CardAnnual_CNL_InceptionDate_RST,14,
createLQA_Policy_Add_AllCovers_Accepted_CardAnnual_CNL_OtherDate_RST,15,
createLQA_Policy_Add_AllCovers_Accepted_AdjustBilling_Change PCD,16,
createLQA_Policy_Add_AllCovers_Accepted_AdjustBilling_ChangePaymentplan_BankToCard,17,
createLQA_Policy_Add_AllCovers_Accepted_CNL_refund_due,18,
createLQA_Policy_AdjustBilling_ChangePaymentplan_BankToCard_CNL_RST_EndtoEnd,19,
createLQA_Policy_Add_AllCovers_Accepted_CreateReciept,3,
UnsolicitedBulkQuote_Accepted_CreateReciept,52,
UnsolicitedBulkQuote_Accepted_CreateReciept,12,
UnsolicitedBulkQuote_Accepted_CreateReciept,8,
UnsolicitedBulkQuote_Accepted_CreateReciept,15,
UnsolicitedBulkQuote_Accepted_CreateReciept,50,
UnsolicitedBulkQuote_Accepted_CreateReciept,57,
UnsolicitedBulkQuote_Accepted_CreateReciept,8,
createLQA_Policy_Add_AllCovers_Accepted_CardAnnual_CNL_OtherDate_RST,59,
createLQA_Policy_Add_AllCovers_Accepted_CardAnnual_CNL_OtherDate_RST,63,
createLQA_Policy_Add_AllCovers_Accepted_AnnualDD,2,
createLQA_Policy_Add_AllCovers_Accepted_AnnualDD,3,
createLQA_Policy_Add_AllCovers_Accepted_AnnualDD,4,
createLQA_Policy_Add_AllCovers_Accepted_CNL_refund_due,102,
